{
  "project_info": {
    "project_number": "725563061617",
    "firebase_url": "https://myapplication-d034a.firebaseio.com",
    "project_id": "myapplication-d034a",
    "storage_bucket": "myapplication-d034a.appspot.com"
  },
  "client": [
    {
      "client_info": {
        "mobilesdk_app_id": "1:725563061617:android:172e9058d8e279d1",
        "android_client_info": {
          "package_name": "com.dam.tutorialfirebase"
        }
      },
      "oauth_client": [
        {
          "client_id": "725563061617-olrg2ojqal4akslscaf302j2ldca9j1r.apps.googleusercontent.com",
          "client_type": 3
        }
      ],
      "api_key": [
        {
          "current_key": "AIzaSyCQJTUmaiBS8NFibNhvwJyx_kcwtpiqzpA"
        }
      ],
      "services": {
        "analytics_service": {
          "status": 1
        },
        "appinvite_service": {
          "status": 1,
          "other_platform_oauth_client": []
        },
        "ads_service": {
          "status": 2
        }
      }
    },
    {
      "client_info": {
        "mobilesdk_app_id": "1:725563061617:android:03ddae5f12bf03bc",
        "android_client_info": {
          "package_name": "com.example.alvaro.aplicaciontrimestre"
        }
      },
      "oauth_client": [
        {
          "client_id": "725563061617-olrg2ojqal4akslscaf302j2ldca9j1r.apps.googleusercontent.com",
          "client_type": 3
        }
      ],
      "api_key": [
        {
          "current_key": "AIzaSyCQJTUmaiBS8NFibNhvwJyx_kcwtpiqzpA"
        }
      ],
      "services": {
        "analytics_service": {
          "status": 1
        },
        "appinvite_service": {
          "status": 1,
          "other_platform_oauth_client": []
        },
        "ads_service": {
          "status": 2
        }
      }
    },
    {
      "client_info": {
        "mobilesdk_app_id": "1:725563061617:android:33e94d032ec7a652",
        "android_client_info": {
          "package_name": "com.prof.prueba"
        }
      },
      "oauth_client": [
        {
          "client_id": "725563061617-olrg2ojqal4akslscaf302j2ldca9j1r.apps.googleusercontent.com",
          "client_type": 3
        }
      ],
      "api_key": [
        {
          "current_key": "AIzaSyCQJTUmaiBS8NFibNhvwJyx_kcwtpiqzpA"
        }
      ],
      "services": {
        "analytics_service": {
          "status": 1
        },
        "appinvite_service": {
          "status": 1,
          "other_platform_oauth_client": []
        },
        "ads_service": {
          "status": 2
        }
      }
    }
  ],
  "configuration_version": "1"
}