{
  "project_info": {
    "project_number": "869202176862",
    "firebase_url": "https://accesoadatos-af706.firebaseio.com",
    "project_id": "accesoadatos-af706",
    "storage_bucket": "accesoadatos-af706.appspot.com"
  },
  "client": [
    {
      "client_info": {
        "mobilesdk_app_id": "1:869202176862:android:9a91e82a4a0ae8e2",
        "android_client_info": {
          "package_name": "com.example.alvaro.accesoadatos"
        }
      },
      "oauth_client": [
        {
          "client_id": "869202176862-llqd2r47aes93tag8e7lfell3ea7mr5k.apps.googleusercontent.com",
          "client_type": 3
        }
      ],
      "api_key": [
        {
          "current_key": "AIzaSyAxlwd7zg0i0W7ju1EZe6plgJ6KHpOHUQI"
        }
      ],
      "services": {
        "analytics_service": {
          "status": 1
        },
        "appinvite_service": {
          "status": 1,
          "other_platform_oauth_client": []
        },
        "ads_service": {
          "status": 2
        }
      }
    }
  ],
  "configuration_version": "1"
}