{
  "project_info": {
    "project_number": "725563061617",
    "firebase_url": "https://myapplication-d034a.firebaseio.com",
    "project_id": "myapplication-d034a",
    "storage_bucket": "myapplication-d034a.appspot.com"
  },
  "client": [
    {
      "client_info": {
        "mobilesdk_app_id": "1:725563061617:android:a3b26a977e555aa6",
        "android_client_info": {
          "package_name": "com.example.alvaro.myapplication"
        }
      },
      "oauth_client": [
        {
          "client_id": "725563061617-a05ksvtjmmoda8n9oe6pit5omroqlqlo.apps.googleusercontent.com",
          "client_type": 1,
          "android_info": {
            "package_name": "com.example.alvaro.myapplication",
            "certificate_hash": "1f0bc5befe5af396b6d9ccbf6b89bdd7d02c15fc"
          }
        },
        {
          "client_id": "725563061617-olrg2ojqal4akslscaf302j2ldca9j1r.apps.googleusercontent.com",
          "client_type": 3
        }
      ],
      "api_key": [
        {
          "current_key": "AIzaSyCQJTUmaiBS8NFibNhvwJyx_kcwtpiqzpA"
        }
      ],
      "services": {
        "analytics_service": {
          "status": 1
        },
        "appinvite_service": {
          "status": 2,
          "other_platform_oauth_client": [
            {
              "client_id": "725563061617-olrg2ojqal4akslscaf302j2ldca9j1r.apps.googleusercontent.com",
              "client_type": 3
            }
          ]
        },
        "ads_service": {
          "status": 2
        }
      }
    }
  ],
  "configuration_version": "1"
}